,club_id,club_code,name,domestic_competition_id,total_market_value,squad_size,average_age,foreigners_number,foreigners_percentage,national_team_players,stadium_name,stadium_seats,net_transfer_record,coach_name,last_season,filename,url
0,105,sv-darmstadt-98,Sportverein Darmstadt 1898 e. V.,L1,,31,26.5,11,35.5,1,Merck-Stadion am Böllenfalltor,17810,€-1.48m,,2023,../data/raw/transfermarkt-scraper/2023/clubs.json.gz,https://www.transfermarkt.co.uk/sv-darmstadt-98/startseite/verein/105
3,12,as-rom,Associazione Sportiva Roma,IT1,,27,26.5,18,66.7,16,Olimpico di Roma,73261,+€63.00m,,2023,../data/raw/transfermarkt-scraper/2023/clubs.json.gz,https://www.transfermarkt.co.uk/as-rom/startseite/verein/12
4,148,tottenham-hotspur,Tottenham Hotspur Football Club,GB1,,26,25.4,20,76.9,21,Tottenham Hotspur Stadium,62850,€-154.90m,,2023,../data/raw/transfermarkt-scraper/2023/clubs.json.gz,https://www.transfermarkt.co.uk/tottenham-hotspur/startseite/verein/148
20,4795,fc-ingolstadt-04,FC Ingolstadt 04,L1,,28,24.3,8,28.6,1,Audi Sportpark,15800,+€1.55m,,2016,../data/raw/transfermarkt-scraper/2016/clubs.json.gz,https://www.transfermarkt.co.uk/fc-ingolstadt-04/startseite/verein/4795
22,5358,sd-huesca,SD Huesca,ES1,,24,27.5,8,33.3,2,El Alcoraz,9128,+€1.43m,,2020,../data/raw/transfermarkt-scraper/2020/clubs.json.gz,https://www.transfermarkt.co.uk/sd-huesca/startseite/verein/5358
23,603,cardiff-city,Cardiff City,GB1,,28,25.5,24,85.7,8,Cardiff City Stadium,33280,€-655k,,2018,../data/raw/transfermarkt-scraper/2018/clubs.json.gz,https://www.transfermarkt.co.uk/cardiff-city/startseite/verein/603
29,969,montpellier-hsc,Montpellier Hérault Sport Club,FR1,,24,25.6,11,45.8,6,Stade de la Mosson,32939,+€28.60m,,2023,../data/raw/transfermarkt-scraper/2023/clubs.json.gz,https://www.transfermarkt.co.uk/montpellier-hsc/startseite/verein/969
30,989,afc-bournemouth,Association Football Club Bournemouth,GB1,,26,25.7,17,65.4,11,Vitality Stadium,11329,€-125.79m,,2023,../data/raw/transfermarkt-scraper/2023/clubs.json.gz,https://www.transfermarkt.co.uk/afc-bournemouth/startseite/verein/989
31,993,fc-cordoba,Córdoba CF,ES1,,24,27.9,4,16.7,0,Nuevo Arcángel,21822,+-0,,2014,../data/raw/transfermarkt-scraper/2014/clubs.json.gz,https://www.transfermarkt.co.uk/fc-cordoba/startseite/verein/993
32,1025,fc-bologna,Bologna Football Club 1909,IT1,,27,24.5,20,74.1,13,Stadio Renato Dall’Ara,36462,€-32.00m,,2023,../data/raw/transfermarkt-scraper/2023/clubs.json.gz,https://www.transfermarkt.co.uk/fc-bologna/startseite/verein/1025
33,1082,losc-lille,Lille Olympique Sporting Club Lille Métropole,FR1,,25,25.1,18,72.0,7,Decathlon Arena-Stade Pierre-Mauroy,50186,+€3.65m,,2023,../data/raw/transfermarkt-scraper/2023/clubs.json.gz,https://www.transfermarkt.co.uk/losc-lille/startseite/verein/1082
34,1160,nimes-olympique,Nîmes Olympique,FR1,,26,25.4,12,46.2,3,Stade des Antonins,8033,+€2.50m,,2020,../data/raw/transfermarkt-scraper/2020/clubs.json.gz,https://www.transfermarkt.co.uk/nimes-olympique/startseite/verein/1160
42,3008,hull-city,Hull City,GB1,,28,25.0,17,60.7,6,MKM Stadium,25586,+€7.50m,,2016,../data/raw/transfermarkt-scraper/2016/clubs.json.gz,https://www.transfermarkt.co.uk/hull-city/startseite/verein/3008
43,31,fc-liverpool,Liverpool Football Club,GB1,,27,25.8,21,77.8,17,Anfield,54074,€-111.30m,,2023,../data/raw/transfermarkt-scraper/2023/clubs.json.gz,https://www.transfermarkt.co.uk/fc-liverpool/startseite/verein/31
45,3911,stade-brest-29,Stade brestois 29,FR1,,24,25.5,6,25.0,2,Stade Francis-Le Blé,15220,+€5.10m,,2023,../data/raw/transfermarkt-scraper/2023/clubs.json.gz,https://www.transfermarkt.co.uk/stade-brest-29/startseite/verein/3911
46,4,1-fc-nurnberg,1.FC Nuremberg,L1,,33,25.2,7,21.2,2,Max-Morlock-Stadion,50000,+€2.63m,,2018,../data/raw/transfermarkt-scraper/2018/clubs.json.gz,https://www.transfermarkt.co.uk/1-fc-nurnberg/startseite/verein/4
47,410,udinese-calcio,Udinese Calcio,IT1,,29,25.7,26,89.7,7,Bluenergy Stadium,25144,+€5.56m,,2023,../data/raw/transfermarkt-scraper/2023/clubs.json.gz,https://www.transfermarkt.co.uk/udinese-calcio/startseite/verein/410
54,595,sc-bastia,SC Bastia,FR1,,25,27.6,8,32.0,6,Stade Armand-Cesari,16480,+€480k,,2016,../data/raw/transfermarkt-scraper/2016/clubs.json.gz,https://www.transfermarkt.co.uk/sc-bastia/startseite/verein/595
59,1010,fc-watford,Watford FC,GB1,,30,26.3,24,80.0,12,Vicarage Road,21577,+€42.02m,,2021,../data/raw/transfermarkt-scraper/2021/clubs.json.gz,https://www.transfermarkt.co.uk/fc-watford/startseite/verein/1010
60,1108,deportivo-alaves,Deportivo Alavés S.A.D.,ES1,,22,25.4,8,36.4,3,Mendizorroza,19840,€-6.90m,,2023,../data/raw/transfermarkt-scraper/2023/clubs.json.gz,https://www.transfermarkt.co.uk/deportivo-alaves/startseite/verein/1108
62,1158,fc-lorient,Football Club Lorient-Bretagne Sud,FR1,,28,24.4,16,57.1,11,Stade du Moustoir,19010,+€30.30m,,2023,../data/raw/transfermarkt-scraper/2023/clubs.json.gz,https://www.transfermarkt.co.uk/fc-lorient/startseite/verein/1158
64,13,atletico-madrid,Club Atlético de Madrid S.A.D.,ES1,,25,28.6,16,64.0,14,Civitas Metropolitano,70460,+€50.60m,,2023,../data/raw/transfermarkt-scraper/2023/clubs.json.gz,https://www.transfermarkt.co.uk/atletico-madrid/startseite/verein/13
65,131,fc-barcelona,Futbol Club Barcelona,ES1,,25,25.0,11,44.0,16,Olímpic Lluís Companys,49472,+€62.00m,,2023,../data/raw/transfermarkt-scraper/2023/clubs.json.gz,https://www.transfermarkt.co.uk/fc-barcelona/startseite/verein/131
70,18,borussia-monchengladbach,Borussia Verein für Leibesübungen 1900 Mönchengladbach,L1,,31,25.3,16,51.6,7,Stadion im Borussia-Park,54042,€-4.28m,,2023,../data/raw/transfermarkt-scraper/2023/clubs.json.gz,https://www.transfermarkt.co.uk/borussia-monchengladbach/startseite/verein/18
72,2036,1-fc-heidenheim-1846,1. Fußballclub Heidenheim 1846,L1,,28,26.0,6,21.4,1,Voith-Arena,15000,€-2.30m,,2023,../data/raw/transfermarkt-scraper/2023/clubs.json.gz,https://www.transfermarkt.co.uk/1-fc-heidenheim-1846/startseite/verein/2036
73,273,fc-stade-rennes,Stade Rennais Football Club,FR1,,24,24.0,11,45.8,8,Roazhon Park,29778,+€62.10m,,2023,../data/raw/transfermarkt-scraper/2023/clubs.json.gz,https://www.transfermarkt.co.uk/fc-stade-rennes/startseite/verein/273
76,366,real-valladolid,Real Valladolid CF,ES1,,22,27.2,11,50.0,6,Nuevo José Zorrilla,27618,+€2.50m,,2022,../data/raw/transfermarkt-scraper/2022/clubs.json.gz,https://www.transfermarkt.co.uk/real-valladolid/startseite/verein/366
78,458,palermo-fc,Palermo FC,IT1,,28,25.6,7,25.0,4,"Comunale Renzo Barbera ""La Favorita""",36365,€-7.94m,,2016,../data/raw/transfermarkt-scraper/2016/clubs.json.gz,https://www.transfermarkt.co.uk/palermo-fc/startseite/verein/458
79,46,inter-mailand,Football Club Internazionale Milano S.p.A.,IT1,,25,28.9,16,64.0,20,Giuseppe Meazza,75923,+€58.20m,,2023,../data/raw/transfermarkt-scraper/2023/clubs.json.gz,https://www.transfermarkt.co.uk/inter-mailand/startseite/verein/46
84,995,fc-nantes,Football Club de Nantes,FR1,,26,26.3,13,50.0,8,Stade de la Beaujoire,37463,+€10.85m,,2023,../data/raw/transfermarkt-scraper/2023/clubs.json.gz,https://www.transfermarkt.co.uk/fc-nantes/startseite/verein/995
85,1003,leicester-city,Leicester City,GB1,,25,27.1,14,56.0,11,King Power Stadium,32273,+€26.00m,,2022,../data/raw/transfermarkt-scraper/2022/clubs.json.gz,https://www.transfermarkt.co.uk/leicester-city/startseite/verein/1003
86,1237,brighton-amp-hove-albion,Brighton and Hove Albion Football Club,GB1,,27,25.4,19,70.4,13,AMEX Stadium,31800,+€86.40m,,2023,../data/raw/transfermarkt-scraper/2023/clubs.json.gz,https://www.transfermarkt.co.uk/brighton-amp-hove-albion/startseite/verein/1237
97,2969,dijon-fco,Dijon FCO,FR1,,29,25.8,14,48.3,4,Stade Gaston-Gérard,16098,+€1.50m,,2020,../data/raw/transfermarkt-scraper/2020/clubs.json.gz,https://www.transfermarkt.co.uk/dijon-fco/startseite/verein/2969
100,3522,spezia-calcio,Spezia Calcio,IT1,,32,24.4,25,78.1,11,Alberto Picco,11676,€-3.95m,,2022,../data/raw/transfermarkt-scraper/2022/clubs.json.gz,https://www.transfermarkt.co.uk/spezia-calcio/startseite/verein/3522
104,40,fc-girondins-bordeaux,FC Girondins Bordeaux,FR1,,26,22.7,13,50.0,6,Matmut Atlantique,42115,+€12.70m,,2021,../data/raw/transfermarkt-scraper/2021/clubs.json.gz,https://www.transfermarkt.co.uk/fc-girondins-bordeaux/startseite/verein/40
111,6195,ssc-neapel,Società Sportiva Calcio Napoli,IT1,,26,26.7,19,73.1,17,Stadio Diego Armando Maradona,54726,€-23.50m,,2023,../data/raw/transfermarkt-scraper/2023/clubs.json.gz,https://www.transfermarkt.co.uk/ssc-neapel/startseite/verein/6195
112,82,vfl-wolfsburg,Verein für Leibesübungen Wolfsburg,L1,,27,25.0,18,66.7,13,Volkswagen Arena,28917,€-2.60m,,2023,../data/raw/transfermarkt-scraper/2023/clubs.json.gz,https://www.transfermarkt.co.uk/vfl-wolfsburg/startseite/verein/82
113,1050,fc-villarreal,Villarreal Club de Fútbol S.A.D.,ES1,,28,28.3,11,39.3,9,La Cerámica,23500,+€99.40m,,2023,../data/raw/transfermarkt-scraper/2023/clubs.json.gz,https://www.transfermarkt.co.uk/fc-villarreal/startseite/verein/1050
115,1147,ac-ajaccio,AC Ajaccio,FR1,,24,27.5,11,45.8,6,Stade François-Coty,10446,+-0,,2022,../data/raw/transfermarkt-scraper/2022/clubs.json.gz,https://www.transfermarkt.co.uk/ac-ajaccio/startseite/verein/1147
116,130,parma-calcio-1913,Parma Calcio 1913,IT1,,30,24.9,23,76.7,6,Ennio Tardini,22352,€-4.37m,,2020,../data/raw/transfermarkt-scraper/2020/clubs.json.gz,https://www.transfermarkt.co.uk/parma-calcio-1913/startseite/verein/130
117,1429,cesena-fc,Cesena FC,IT1,,28,26.0,4,14.3,0,Orogel Stadium - Dino Manuzzi,23860,+€335k,,2014,../data/raw/transfermarkt-scraper/2014/clubs.json.gz,https://www.transfermarkt.co.uk/cesena-fc/startseite/verein/1429
118,15,bayer-04-leverkusen,Bayer 04 Leverkusen Fußball,L1,,27,24.7,22,81.5,19,BayArena,30210,€-12.60m,,2023,../data/raw/transfermarkt-scraper/2023/clubs.json.gz,https://www.transfermarkt.co.uk/bayer-04-leverkusen/startseite/verein/15
123,2722,spal,SPAL,IT1,,32,26.0,8,25.0,2,Paolo Mazza,16134,+€2.75m,,2019,../data/raw/transfermarkt-scraper/2019/clubs.json.gz,https://www.transfermarkt.co.uk/spal/startseite/verein/2722
124,276,hellas-verona,Verona Hellas Football Club,IT1,,27,25.0,19,70.4,6,Marcantonio Bentegodi,39211,+€80.66m,,2023,../data/raw/transfermarkt-scraper/2023/clubs.json.gz,https://www.transfermarkt.co.uk/hellas-verona/startseite/verein/276
135,703,nottingham-forest,Nottingham Forest Football Club,GB1,,30,27.0,26,86.7,18,The City Ground,30445,€-49.43m,,2023,../data/raw/transfermarkt-scraper/2023/clubs.json.gz,https://www.transfermarkt.co.uk/nottingham-forest/startseite/verein/703
136,80,vfl-bochum,Verein für Leibesübungen Bochum 1848 – Fußballgemeinschaft,L1,,29,27.9,13,44.8,4,Vonovia Ruhrstadion,26000,€-2.45m,,2023,../data/raw/transfermarkt-scraper/2023/clubs.json.gz,https://www.transfermarkt.co.uk/vfl-bochum/startseite/verein/80
138,1031,luton-town,Luton Town Football Club,GB1,,28,27.4,15,53.6,9,Kenilworth Road,11050,€-25.92m,,2023,../data/raw/transfermarkt-scraper/2023/clubs.json.gz,https://www.transfermarkt.co.uk/luton-town/startseite/verein/1031
139,1071,wigan-athletic,Wigan Athletic,GB1,,26,24.0,8,30.8,2,DW Stadium,25133,+€290k,,2012,../data/raw/transfermarkt-scraper/2012/clubs.json.gz,https://www.transfermarkt.co.uk/wigan-athletic/startseite/verein/1071
141,1110,huddersfield-town,Huddersfield Town,GB1,,33,26.7,12,36.4,3,John Smith's Stadium,24500,+€11.28m,,2018,../data/raw/transfermarkt-scraper/2018/clubs.json.gz,https://www.transfermarkt.co.uk/huddersfield-town/startseite/verein/1110
143,1159,as-nancy-lorraine,AS Nancy-Lorraine,FR1,,27,25.7,5,18.5,0,Stade Marcel-Picot,20087,+-0,,2016,../data/raw/transfermarkt-scraper/2016/clubs.json.gz,https://www.transfermarkt.co.uk/as-nancy-lorraine/startseite/verein/1159
147,1421,stade-reims,Stade de Reims,FR1,,25,25.0,18,72.0,11,Stade Auguste-Delaune,21684,+€22.05m,,2023,../data/raw/transfermarkt-scraper/2023/clubs.json.gz,https://www.transfermarkt.co.uk/stade-reims/startseite/verein/1421
148,1423,fc-valenciennes,Valenciennes FC,FR1,,30,23.6,15,50.0,5,Stade du Hainaut,25000,+€2.52m,,2013,../data/raw/transfermarkt-scraper/2013/clubs.json.gz,https://www.transfermarkt.co.uk/fc-valenciennes/startseite/verein/1423
149,162,as-monaco,Association sportive de Monaco Football Club,FR1,,24,24.1,24,100.0,14,Stade Louis-II,17000,€-23.50m,,2023,../data/raw/transfermarkt-scraper/2023/clubs.json.gz,https://www.transfermarkt.co.uk/as-monaco/startseite/verein/162
152,24,eintracht-frankfurt,Eintracht Frankfurt Fußball AG,L1,,34,24.2,20,58.8,8,Deutsche Bank Park,56500,+€71.85m,,2023,../data/raw/transfermarkt-scraper/2023/clubs.json.gz,https://www.transfermarkt.co.uk/eintracht-frankfurt/startseite/verein/24
157,331,ca-osasuna,Club Atlético Osasuna,ES1,,21,27.7,2,9.5,3,El Sadar,23576,€-2.50m,,2023,../data/raw/transfermarkt-scraper/2023/clubs.json.gz,https://www.transfermarkt.co.uk/ca-osasuna/startseite/verein/331
159,3709,fc-getafe,Getafe Club de Fútbol S.A.D. Team Dubai,ES1,,21,26.4,10,47.6,4,Coliseum,16800,€-5.00m,,2023,../data/raw/transfermarkt-scraper/2023/clubs.json.gz,https://www.transfermarkt.co.uk/fc-getafe/startseite/verein/3709
165,750,fc-sochaux-montbeliard,FC Sochaux-Montbéliard,FR1,,29,23.0,9,31.0,1,Stade Auguste-Bonal,20005,+€6.30m,,2013,../data/raw/transfermarkt-scraper/2013/clubs.json.gz,https://www.transfermarkt.co.uk/fc-sochaux-montbeliard/startseite/verein/750
166,762,newcastle-united,Newcastle United Football Club,GB1,,28,27.3,13,46.4,11,St James' Park,52338,€-108.60m,,2023,../data/raw/transfermarkt-scraper/2023/clubs.json.gz,https://www.transfermarkt.co.uk/newcastle-united/startseite/verein/762
168,1041,olympique-lyon,Olympique Lyonnais,FR1,,28,25.2,19,67.9,7,Groupama Stadium,59186,+€31.99m,,2023,../data/raw/transfermarkt-scraper/2023/clubs.json.gz,https://www.transfermarkt.co.uk/olympique-lyon/startseite/verein/1041
170,1084,fc-malaga,Málaga CF,ES1,,27,27.9,8,29.6,0,La Rosaleda,30044,+€950k,,2017,../data/raw/transfermarkt-scraper/2017/clubs.json.gz,https://www.transfermarkt.co.uk/fc-malaga/startseite/verein/1084
171,1148,fc-brentford,Brentford Football Club,GB1,,30,25.4,23,76.7,17,Gtech Community Stadium,17250,€-62.26m,,2023,../data/raw/transfermarkt-scraper/2023/clubs.json.gz,https://www.transfermarkt.co.uk/fc-brentford/startseite/verein/1148
172,1162,sm-caen,SM Caen,FR1,,27,25.7,12,44.4,4,Stade Michel-d'Ornano,20500,+€3.05m,,2018,../data/raw/transfermarkt-scraper/2018/clubs.json.gz,https://www.transfermarkt.co.uk/sm-caen/startseite/verein/1162
177,142,real-saragossa,Real Zaragoza,ES1,,23,26.0,6,26.1,1,La Romareda,33608,+€30k,,2012,../data/raw/transfermarkt-scraper/2012/clubs.json.gz,https://www.transfermarkt.co.uk/real-saragossa/startseite/verein/142
178,16,borussia-dortmund,Borussia Dortmund,L1,,30,25.4,14,46.7,17,SIGNAL IDUNA PARK,81365,+€48.85m,,2023,../data/raw/transfermarkt-scraper/2023/clubs.json.gz,https://www.transfermarkt.co.uk/borussia-dortmund/startseite/verein/16
180,2288,swansea-city,Swansea City,GB1,,22,24.8,17,77.3,4,Swansea.com Stadium,21088,+€8.35m,,2017,../data/raw/transfermarkt-scraper/2017/clubs.json.gz,https://www.transfermarkt.co.uk/swansea-city/startseite/verein/2288
181,237,rcd-mallorca,Real Club Deportivo Mallorca S.A.D.,ES1,,24,28.5,11,45.8,7,Mallorca Son Moix,26020,€-2.30m,,2023,../data/raw/transfermarkt-scraper/2023/clubs.json.gz,https://www.transfermarkt.co.uk/rcd-mallorca/startseite/verein/237
188,3558,gfc-ajaccio,GFC Ajaccio,FR1,,5,26.8,1,20.0,1,Stade Ange-Casanova,4050,+-0,,2015,../data/raw/transfermarkt-scraper/2015/clubs.json.gz,https://www.transfermarkt.co.uk/gfc-ajaccio/startseite/verein/3558
189,4102,carpi-fc-1909,AC Carpi,IT1,,25,23.6,6,24.0,1,Sandro Cabassi,5510,+-0,,2015,../data/raw/transfermarkt-scraper/2015/clubs.json.gz,https://www.transfermarkt.co.uk/carpi-fc-1909/startseite/verein/4102
190,42,hannover-96,Hannover 96,L1,,28,25.0,6,21.4,1,Heinz-von-Heiden-Arena,49000,€-300k,,2018,../data/raw/transfermarkt-scraper/2018/clubs.json.gz,https://www.transfermarkt.co.uk/hannover-96/startseite/verein/42
191,641,fc-middlesbrough,Middlesbrough FC,GB1,,25,26.1,8,32.0,6,Riverside Stadium,33746,+€16.68m,,2016,../data/raw/transfermarkt-scraper/2016/clubs.json.gz,https://www.transfermarkt.co.uk/fc-middlesbrough/startseite/verein/641
192,667,rc-strassburg-alsace,Racing Club de Strasbourg Alsace,FR1,,25,24.4,13,52.0,8,Stade de la Meinau,26109,€-16.20m,,2023,../data/raw/transfermarkt-scraper/2023/clubs.json.gz,https://www.transfermarkt.co.uk/rc-strassburg-alsace/startseite/verein/667
193,681,real-sociedad-san-sebastian,Real Sociedad de Fútbol S.A.D.,ES1,,26,25.8,7,26.9,11,Reale Arena,39313,€-3.60m,,2023,../data/raw/transfermarkt-scraper/2023/clubs.json.gz,https://www.transfermarkt.co.uk/real-sociedad-san-sebastian/startseite/verein/681
194,873,crystal-palace,Crystal Palace Football Club,GB1,,29,25.9,13,44.8,9,Selhurst Park,26047,€-67.80m,,2023,../data/raw/transfermarkt-scraper/2023/clubs.json.gz,https://www.transfermarkt.co.uk/crystal-palace/startseite/verein/873
195,1032,fc-reading,Reading FC,GB1,,30,23.1,14,46.7,5,Select Car Leasing Stadium,24161,+€3.06m,,2012,../data/raw/transfermarkt-scraper/2012/clubs.json.gz,https://www.transfermarkt.co.uk/fc-reading/startseite/verein/1032
196,1039,queens-park-rangers,Queens Park Rangers,GB1,,26,25.9,15,57.7,8,Loftus Road Stadium,18360,+€900k,,2014,../data/raw/transfermarkt-scraper/2014/clubs.json.gz,https://www.transfermarkt.co.uk/queens-park-rangers/startseite/verein/1039
197,1244,cd-leganes,CD Leganés,ES1,,23,28.6,8,34.8,3,Butarque,12454,+€1.00m,,2019,../data/raw/transfermarkt-scraper/2019/clubs.json.gz,https://www.transfermarkt.co.uk/cd-leganes/startseite/verein/1244
198,14171,thonon-evian-grand-geneve-fc,Thonon Évian Grand Genève FC,FR1,,27,27.4,6,22.2,1,Stade Camille Fournier,2500,+-0,,2014,../data/raw/transfermarkt-scraper/2014/clubs.json.gz,https://www.transfermarkt.co.uk/thonon-evian-grand-geneve-fc/startseite/verein/14171
201,244,olympique-marseille,Olympique de Marseille,FR1,,26,25.9,21,80.8,15,Orange Vélodrome,67394,€-30.20m,,2023,../data/raw/transfermarkt-scraper/2023/clubs.json.gz,https://www.transfermarkt.co.uk/olympique-marseille/startseite/verein/244
206,367,rayo-vallecano,Rayo Vallecano de Madrid S.A.D.,ES1,,25,28.8,12,48.0,6,Campo de Fútbol de Vallecas,14708,€-11.60m,,2023,../data/raw/transfermarkt-scraper/2023/clubs.json.gz,https://www.transfermarkt.co.uk/rayo-vallecano/startseite/verein/367
207,379,west-ham-united,West Ham United Football Club,GB1,,22,28.3,14,63.6,13,London Stadium,62500,+€35.00m,,2023,../data/raw/transfermarkt-scraper/2023/clubs.json.gz,https://www.transfermarkt.co.uk/west-ham-united/startseite/verein/379
208,380,us-salernitana-1919,U.S. Salernitana 1919 S.r.l.,IT1,,32,26.4,24,75.0,9,Arechi,29739,€-23.69m,,2023,../data/raw/transfermarkt-scraper/2023/clubs.json.gz,https://www.transfermarkt.co.uk/us-salernitana-1919/startseite/verein/380
211,41,hamburger-sv,Hamburger SV,L1,,30,23.6,15,50.0,4,Volksparkstadion,57000,€-6.00m,,2017,../data/raw/transfermarkt-scraper/2017/clubs.json.gz,https://www.transfermarkt.co.uk/hamburger-sv/startseite/verein/41
215,79,vfb-stuttgart,Verein für Bewegungsspiele Stuttgart 1893,L1,,29,23.9,11,37.9,6,MHPArena Stuttgart,60449,+€28.30m,,2023,../data/raw/transfermarkt-scraper/2023/clubs.json.gz,https://www.transfermarkt.co.uk/vfb-stuttgart/startseite/verein/79
216,86,sv-werder-bremen,Sportverein Werder Bremen von 1899,L1,,26,26.0,13,50.0,7,Wohninvest-Weserstadion,42100,+€20.81m,,2023,../data/raw/transfermarkt-scraper/2023/clubs.json.gz,https://www.transfermarkt.co.uk/sv-werder-bremen/startseite/verein/86
217,931,fc-fulham,Fulham Football Club,GB1,,24,28.0,22,91.7,13,Craven Cottage,25700,€-15.27m,,2023,../data/raw/transfermarkt-scraper/2023/clubs.json.gz,https://www.transfermarkt.co.uk/fc-fulham/startseite/verein/931
219,1123,norwich-city,Norwich City,GB1,,25,26.0,17,68.0,12,Carrow Road,27244,€-10.33m,,2021,../data/raw/transfermarkt-scraper/2021/clubs.json.gz,https://www.transfermarkt.co.uk/norwich-city/startseite/verein/1123
222,1531,fc-elche,Elche CF,ES1,,18,27.3,5,27.8,0,Manuel Martínez Valero,31388,+€1.00m,,2022,../data/raw/transfermarkt-scraper/2022/clubs.json.gz,https://www.transfermarkt.co.uk/fc-elche/startseite/verein/1531
233,583,fc-paris-saint-germain,Paris Saint-Germain Football Club,FR1,,28,25.6,17,60.7,18,Parc des Princes,49691,€-182.00m,,2023,../data/raw/transfermarkt-scraper/2023/clubs.json.gz,https://www.transfermarkt.co.uk/fc-paris-saint-germain/startseite/verein/583
234,621,athletic-bilbao,Athletic Club Bilbao,ES1,,24,27.5,1,4.2,4,San Mamés,53289,+-0,,2023,../data/raw/transfermarkt-scraper/2023/clubs.json.gz,https://www.transfermarkt.co.uk/athletic-bilbao/startseite/verein/621
235,65,spvgg-greuther-furth,SpVgg Greuther Fürth,L1,,28,24.0,11,39.3,2,Sportpark Ronhof | Thomas Sommer,16626,+€3.97m,,2021,../data/raw/transfermarkt-scraper/2021/clubs.json.gz,https://www.transfermarkt.co.uk/spvgg-greuther-furth/startseite/verein/65
239,855,ea-guingamp,EA Guingamp,FR1,,27,25.4,7,25.9,1,Stade du Roudourou,18120,+€3.70m,,2018,../data/raw/transfermarkt-scraper/2018/clubs.json.gz,https://www.transfermarkt.co.uk/ea-guingamp/startseite/verein/855
242,985,manchester-united,Manchester United Football Club,GB1,,27,26.2,19,70.4,19,Old Trafford,74879,€-146.96m,,2023,../data/raw/transfermarkt-scraper/2023/clubs.json.gz,https://www.transfermarkt.co.uk/manchester-united/startseite/verein/985
244,1132,fc-burnley,Burnley Football Club,GB1,,29,25.0,22,75.9,11,Turf Moor,21994,€-107.25m,,2023,../data/raw/transfermarkt-scraper/2023/clubs.json.gz,https://www.transfermarkt.co.uk/fc-burnley/startseite/verein/1132
246,150,real-betis-sevilla,Real Betis Balompié S.A.D.,ES1,,26,28.0,15,57.7,8,Benito Villamarín,60721,+€37.50m,,2023,../data/raw/transfermarkt-scraper/2023/clubs.json.gz,https://www.transfermarkt.co.uk/real-betis-sevilla/startseite/verein/150
257,3368,ud-levante,Levante UD,ES1,,23,27.5,6,26.1,0,Ciutat de València,26354,+€7.80m,,2021,../data/raw/transfermarkt-scraper/2021/clubs.json.gz,https://www.transfermarkt.co.uk/ud-levante/startseite/verein/3368
260,506,juventus-turin,Juventus Football Club,IT1,,27,26.2,15,55.6,15,Allianz Stadium,41507,€-27.10m,,2023,../data/raw/transfermarkt-scraper/2023/clubs.json.gz,https://www.transfermarkt.co.uk/juventus-turin/startseite/verein/506
261,618,as-saint-etienne,AS Saint-Étienne,FR1,,29,25.1,8,27.6,3,Stade Geoffroy-Guichard,42000,+€12.85m,,2021,../data/raw/transfermarkt-scraper/2021/clubs.json.gz,https://www.transfermarkt.co.uk/as-saint-etienne/startseite/verein/618
265,1095,es-troyes-ac,ESTAC Troyes,FR1,,29,23.1,16,57.1,5,Stade de l'Aube,21877,+-0,,2022,../data/raw/transfermarkt-scraper/2022/clubs.json.gz,https://www.transfermarkt.co.uk/es-troyes-ac/startseite/verein/1095
267,1420,sco-angers,Angers SCO,FR1,,27,24.2,12,44.4,5,Stade Raymond Kopa,19350,+€3.50m,,2022,../data/raw/transfermarkt-scraper/2022/clubs.json.gz,https://www.transfermarkt.co.uk/sco-angers/startseite/verein/1420
270,23826,rasenballsport-leipzig,RasenBallsport Leipzig,L1,,24,25.0,16,66.7,17,Red Bull Arena,47069,+€67.20m,,2023,../data/raw/transfermarkt-scraper/2023/clubs.json.gz,https://www.transfermarkt.co.uk/rasenballsport-leipzig/startseite/verein/23826
272,2687,fc-cadiz,Cádiz Club de Fútbol S.A.D,ES1,,30,28.4,11,36.7,4,Nuevo Mirandilla,21094,+€3.50m,,2023,../data/raw/transfermarkt-scraper/2023/clubs.json.gz,https://www.transfermarkt.co.uk/fc-cadiz/startseite/verein/2687
274,2919,ac-monza,Associazione Calcio Monza,IT1,,30,26.4,11,36.7,3,U-Power Stadium - Brianteo,16917,€-43.50m,,2023,../data/raw/transfermarkt-scraper/2023/clubs.json.gz,https://www.transfermarkt.co.uk/ac-monza/startseite/verein/2919
278,3524,clermont-foot-63,Clermont Foot 63,FR1,,25,26.2,13,52.0,6,Stade Gabriel-Montpied,13000,+€8.90m,,2023,../data/raw/transfermarkt-scraper/2023/clubs.json.gz,https://www.transfermarkt.co.uk/clermont-foot-63/startseite/verein/3524
279,398,lazio-rom,Società Sportiva Lazio S.p.A.,IT1,,28,27.0,16,57.1,10,Olimpico di Roma,73261,+€10.44m,,2023,../data/raw/transfermarkt-scraper/2023/clubs.json.gz,https://www.transfermarkt.co.uk/lazio-rom/startseite/verein/398
280,4171,benevento-calcio,Benevento Calcio,IT1,,31,26.7,16,51.6,2,Ciro Vigorito,16867,€-1.93m,,2020,../data/raw/transfermarkt-scraper/2020/clubs.json.gz,https://www.transfermarkt.co.uk/benevento-calcio/startseite/verein/4171
281,418,real-madrid,Real Madrid Club de Fútbol,ES1,,24,27.1,16,66.7,19,Santiago Bernabéu,81044,€-122.50m,,2023,../data/raw/transfermarkt-scraper/2023/clubs.json.gz,https://www.transfermarkt.co.uk/real-madrid/startseite/verein/418
284,6574,us-sassuolo,Unione Sportiva Sassuolo Calcio,IT1,,27,26.1,15,55.6,9,Mapei Stadium - Città del Tricolore,21584,+€39.52m,,2023,../data/raw/transfermarkt-scraper/2023/clubs.json.gz,https://www.transfermarkt.co.uk/us-sassuolo/startseite/verein/6574
287,738,ac-le-havre,Le Havre Athletic Club,FR1,,23,26.0,14,60.9,6,Stade Océane,25178,€-2.90m,,2023,../data/raw/transfermarkt-scraper/2023/clubs.json.gz,https://www.transfermarkt.co.uk/ac-le-havre/startseite/verein/738
288,89,1-fc-union-berlin,1. FC Union Berlin,L1,,25,27.3,15,60.0,8,Stadion An der Alten Försterei,22012,€-31.65m,,2023,../data/raw/transfermarkt-scraper/2023/clubs.json.gz,https://www.transfermarkt.co.uk/1-fc-union-berlin/startseite/verein/89
289,940,celta-vigo,Real Club Celta de Vigo S. A. D.,ES1,,26,26.2,12,46.2,8,Abanca Balaídos,24870,+€15.00m,,2023,../data/raw/transfermarkt-scraper/2023/clubs.json.gz,https://www.transfermarkt.co.uk/celta-vigo/startseite/verein/940
290,1387,acn-siena-1904,Siena FC,IT1,,20,25.5,2,10.0,0,Artemio Franchi,15373,+-0,,2012,../data/raw/transfermarkt-scraper/2012/clubs.json.gz,https://www.transfermarkt.co.uk/acn-siena-1904/startseite/verein/1387
291,1390,cagliari-calcio,Cagliari Calcio,IT1,,28,27.2,14,50.0,9,Unipol Domus,16412,€-8.12m,,2023,../data/raw/transfermarkt-scraper/2023/clubs.json.gz,https://www.transfermarkt.co.uk/cagliari-calcio/startseite/verein/1390
292,1416,amiens-sc,Amiens SC,FR1,,24,24.1,10,41.7,7,Stade Crédit Agricole la Licorne,12999,+€700k,,2019,../data/raw/transfermarkt-scraper/2019/clubs.json.gz,https://www.transfermarkt.co.uk/amiens-sc/startseite/verein/1416
294,167,fc-augsburg,FC Augsburg 1907,L1,,27,25.4,16,59.3,6,WWK ARENA,30660,+€17.45m,,2023,../data/raw/transfermarkt-scraper/2023/clubs.json.gz,https://www.transfermarkt.co.uk/fc-augsburg/startseite/verein/167
300,289,afc-sunderland,Sunderland AFC,GB1,,26,23.5,12,46.2,6,Stadium of Light,48707,€-6.06m,,2016,../data/raw/transfermarkt-scraper/2016/clubs.json.gz,https://www.transfermarkt.co.uk/afc-sunderland/startseite/verein/289
301,2921,delfino-pescara-1936,Delfino Pescara 1936,IT1,,28,24.6,6,21.4,1,Adriatico,20476,+€4.60m,,2016,../data/raw/transfermarkt-scraper/2016/clubs.json.gz,https://www.transfermarkt.co.uk/delfino-pescara-1936/startseite/verein/2921
302,3,1-fc-koln,1. Fußball-Club Köln,L1,,29,25.2,6,20.7,4,RheinEnergieSTADION,50000,+€200k,,2023,../data/raw/transfermarkt-scraper/2023/clubs.json.gz,https://www.transfermarkt.co.uk/1-fc-koln/startseite/verein/3
306,430,ac-florenz,Associazione Calcio Fiorentina,IT1,,28,25.5,14,50.0,8,Artemio Franchi,43147,+€16.60m,,2023,../data/raw/transfermarkt-scraper/2023/clubs.json.gz,https://www.transfermarkt.co.uk/ac-florenz/startseite/verein/430
309,5,ac-mailand,Associazione Calcio Milan,IT1,,26,26.5,17,65.4,14,Giuseppe Meazza,75923,€-50.40m,,2023,../data/raw/transfermarkt-scraper/2023/clubs.json.gz,https://www.transfermarkt.co.uk/ac-mailand/startseite/verein/5
310,512,stoke-city,Stoke City,GB1,,24,26.7,9,37.5,6,bet365 Stadium,30089,+€17.00m,,2017,../data/raw/transfermarkt-scraper/2017/clubs.json.gz,https://www.transfermarkt.co.uk/stoke-city/startseite/verein/512
315,826,rc-lens,Racing Club de Lens,FR1,,27,25.9,14,51.9,12,Stade Bollaert-Delelis,38223,+€3.64m,,2023,../data/raw/transfermarkt-scraper/2023/clubs.json.gz,https://www.transfermarkt.co.uk/rc-lens/startseite/verein/826
317,897,deportivo-la-coruna,Deportivo de La Coruña,ES1,,24,27.7,3,12.5,0,Abanca Riazor,32912,€-435k,,2017,../data/raw/transfermarkt-scraper/2017/clubs.json.gz,https://www.transfermarkt.co.uk/deportivo-la-coruna/startseite/verein/897
321,11,fc-arsenal,Arsenal Football Club,GB1,,26,25.3,19,73.1,20,Emirates Stadium,60704,€-167.04m,,2023,../data/raw/transfermarkt-scraper/2023/clubs.json.gz,https://www.transfermarkt.co.uk/fc-arsenal/startseite/verein/11
323,1627,catania-calcio,Catania FC,IT1,,27,26.0,5,18.5,0,Cibali - Angelo Massimino,20204,€-101k,,2013,../data/raw/transfermarkt-scraper/2013/clubs.json.gz,https://www.transfermarkt.co.uk/catania-calcio/startseite/verein/1627
324,16795,fc-granada,Granada Club de Fútbol S.A.D.,ES1,,26,27.0,11,42.3,5,Nuevo Los Cármenes,19336,€-6.70m,,2023,../data/raw/transfermarkt-scraper/2023/clubs.json.gz,https://www.transfermarkt.co.uk/fc-granada/startseite/verein/16795
327,2239,us-cremonese,US Cremonese,IT1,,29,25.4,9,30.0,2,Giovanni Zini,16003,+€5.00m,,2022,../data/raw/transfermarkt-scraper/2022/clubs.json.gz,https://www.transfermarkt.co.uk/us-cremonese/startseite/verein/2239
328,252,genua-cfc,Genoa Cricket and Football Club,IT1,,27,25.9,19,70.4,6,Luigi Ferraris,34901,€-6.63m,,2023,../data/raw/transfermarkt-scraper/2023/clubs.json.gz,https://www.transfermarkt.co.uk/genua-cfc/startseite/verein/252
329,281,manchester-city,Manchester City Football Club,GB1,,22,26.7,16,72.7,19,Etihad Stadium,55017,€-136.80m,,2023,../data/raw/transfermarkt-scraper/2023/clubs.json.gz,https://www.transfermarkt.co.uk/manchester-city/startseite/verein/281
330,3302,ud-almeria,Unión Deportiva Almería S.A.D.,ES1,,25,25.7,15,60.0,6,Power Horse Stadium,18331,€-1.80m,,2023,../data/raw/transfermarkt-scraper/2023/clubs.json.gz,https://www.transfermarkt.co.uk/ud-almeria/startseite/verein/3302
331,39,1-fsv-mainz-05,1. Fußball- und Sportverein Mainz 05,L1,,27,26.5,11,40.7,6,Mewa Arena,33305,+€13.55m,,2023,../data/raw/transfermarkt-scraper/2023/clubs.json.gz,https://www.transfermarkt.co.uk/1-fsv-mainz-05/startseite/verein/39
333,405,aston-villa,Aston Villa Football Club,GB1,,26,26.5,18,69.2,16,Villa Park,42682,€-78.85m,,2023,../data/raw/transfermarkt-scraper/2023/clubs.json.gz,https://www.transfermarkt.co.uk/aston-villa/startseite/verein/405
336,543,wolverhampton-wanderers,Wolverhampton Wanderers Football Club,GB1,,23,25.7,19,82.6,13,Molineux Stadium,32050,+€75.20m,,2023,../data/raw/transfermarkt-scraper/2023/clubs.json.gz,https://www.transfermarkt.co.uk/wolverhampton-wanderers/startseite/verein/543
337,60,sc-freiburg,Sport-Club Freiburg,L1,,27,26.2,11,40.7,10,Europa-Park Stadion,34700,+€34.30m,,2023,../data/raw/transfermarkt-scraper/2023/clubs.json.gz,https://www.transfermarkt.co.uk/sc-freiburg/startseite/verein/60
343,714,espanyol-barcelona,RCD Espanyol Barcelona,ES1,,26,25.4,6,23.1,4,RCDE Stadium,40500,+€5.50m,,2022,../data/raw/transfermarkt-scraper/2022/clubs.json.gz,https://www.transfermarkt.co.uk/espanyol-barcelona/startseite/verein/714
345,862,chievo-verona,Chievo Verona,IT1,,0,,0,,0,Marcantonio Bentegodi,31045,+-0,,2018,../data/raw/transfermarkt-scraper/2018/clubs.json.gz,https://www.transfermarkt.co.uk/chievo-verona/startseite/verein/862
346,8970,frosinone-calcio,Frosinone Calcio S.r.l.,IT1,,34,24.8,19,55.9,3,Benito Stirpe,16227,+€8.45m,,2023,../data/raw/transfermarkt-scraper/2023/clubs.json.gz,https://www.transfermarkt.co.uk/frosinone-calcio/startseite/verein/8970
348,12321,fc-girona,Girona Fútbol Club S. A. D.,ES1,,23,26.7,9,39.1,6,Montilivi,14624,€-4.35m,,2023,../data/raw/transfermarkt-scraper/2023/clubs.json.gz,https://www.transfermarkt.co.uk/fc-girona/startseite/verein/12321
350,127,sc-paderborn-07,SC Paderborn 07,L1,,26,25.7,5,19.2,1,Home Deluxe Arena,15000,€-450k,,2019,../data/raw/transfermarkt-scraper/2019/clubs.json.gz,https://www.transfermarkt.co.uk/sc-paderborn-07/startseite/verein/127
351,19,brescia-calcio,Brescia Calcio,IT1,,28,25.1,12,42.9,1,Mario Rigamonti,19550,+€3.65m,,2019,../data/raw/transfermarkt-scraper/2019/clubs.json.gz,https://www.transfermarkt.co.uk/brescia-calcio/startseite/verein/19
352,23,eintracht-braunschweig,Eintracht Braunschweig,L1,,30,25.6,11,36.7,2,EINTRACHT-Stadion,23325,+€750k,,2013,../data/raw/transfermarkt-scraper/2013/clubs.json.gz,https://www.transfermarkt.co.uk/eintracht-braunschweig/startseite/verein/23
353,33,fc-schalke-04,FC Schalke 04,L1,,27,26.4,12,44.4,4,Veltins-Arena,62271,+€10.30m,,2022,../data/raw/transfermarkt-scraper/2022/clubs.json.gz,https://www.transfermarkt.co.uk/fc-schalke-04/startseite/verein/33
354,350,sheffield-united,Sheffield United Football Club,GB1,,30,25.6,17,56.7,9,Bramall Lane,32702,€-36.05m,,2023,../data/raw/transfermarkt-scraper/2023/clubs.json.gz,https://www.transfermarkt.co.uk/sheffield-united/startseite/verein/350
359,472,ud-las-palmas,Unión Deportiva Las Palmas S.A.D.,ES1,,25,26.5,8,32.0,3,Estadio de Gran Canaria,32400,€-4.80m,,2023,../data/raw/transfermarkt-scraper/2023/clubs.json.gz,https://www.transfermarkt.co.uk/ud-las-palmas/startseite/verein/472
366,1005,us-lecce,Unione Sportiva Lecce,IT1,,28,23.9,21,75.0,7,Ettore Giardiniero,31559,+€2.75m,,2023,../data/raw/transfermarkt-scraper/2023/clubs.json.gz,https://www.transfermarkt.co.uk/us-lecce/startseite/verein/1005
367,1038,sampdoria-genua,UC Sampdoria,IT1,,33,24.3,5,15.6,4,Luigi Ferraris,36348,+€1.75m,,2022,../data/raw/transfermarkt-scraper/2022/clubs.json.gz,https://www.transfermarkt.co.uk/sampdoria-genua/startseite/verein/1038
369,1210,as-livorno,US Livorno 1915,IT1,,29,24.1,5,17.2,0,Armando Picchi,19238,+-0,,2013,../data/raw/transfermarkt-scraper/2013/clubs.json.gz,https://www.transfermarkt.co.uk/as-livorno/startseite/verein/1210
372,1533,sd-eibar,SD Eibar,ES1,,26,28.3,5,19.2,0,Ipurua,8164,+€2.60m,,2020,../data/raw/transfermarkt-scraper/2020/clubs.json.gz,https://www.transfermarkt.co.uk/sd-eibar/startseite/verein/1533
373,180,fc-southampton,Southampton FC,GB1,,29,24.5,20,69.0,13,St Mary's Stadium,32384,+€2.40m,,2022,../data/raw/transfermarkt-scraper/2022/clubs.json.gz,https://www.transfermarkt.co.uk/fc-southampton/startseite/verein/180
377,2448,sporting-gijon,Sporting Gijón,ES1,,28,26.2,10,35.7,2,El Molinón - Enrique Castro Quini,29029,+€5.23m,,2016,../data/raw/transfermarkt-scraper/2016/clubs.json.gz,https://www.transfermarkt.co.uk/sporting-gijon/startseite/verein/2448
383,368,fc-sevilla,Sevilla Fútbol Club S.A.D.,ES1,,28,27.3,18,64.3,9,Ramón Sánchez-Pizjuán,43883,€-5.40m,,2023,../data/raw/transfermarkt-scraper/2023/clubs.json.gz,https://www.transfermarkt.co.uk/fc-sevilla/startseite/verein/368
384,38,fortuna-dusseldorf,Fortuna Düsseldorf,L1,,29,25.9,12,41.4,2,MERKUR SPIEL-ARENA,54600,+€600k,,2019,../data/raw/transfermarkt-scraper/2019/clubs.json.gz,https://www.transfermarkt.co.uk/fortuna-dusseldorf/startseite/verein/38
386,415,fc-toulouse,Toulouse Football Club,FR1,,29,23.0,22,75.9,10,Stadium Municipal,33150,€-5.05m,,2023,../data/raw/transfermarkt-scraper/2023/clubs.json.gz,https://www.transfermarkt.co.uk/fc-toulouse/startseite/verein/415
387,416,fc-turin,Torino Calcio,IT1,,25,25.2,18,72.0,10,Stadio Olimpico Grande Torino,28177,€-29.75m,,2023,../data/raw/transfermarkt-scraper/2023/clubs.json.gz,https://www.transfermarkt.co.uk/fc-turin/startseite/verein/416
388,417,ogc-nizza,Olympique Gymnaste Club Nice Côte d'Azur,FR1,,29,24.1,13,44.8,10,Allianz Riviera,36178,€-34.20m,,2023,../data/raw/transfermarkt-scraper/2023/clubs.json.gz,https://www.transfermarkt.co.uk/ogc-nizza/startseite/verein/417
389,44,hertha-bsc,Hertha BSC,L1,,36,24.1,14,38.9,7,Olympiastadion Berlin,74667,+€6.70m,,2022,../data/raw/transfermarkt-scraper/2022/clubs.json.gz,https://www.transfermarkt.co.uk/hertha-bsc/startseite/verein/44
392,631,fc-chelsea,Chelsea Football Club,GB1,,31,23.4,20,64.5,16,Stamford Bridge,40853,€-198.40m,,2023,../data/raw/transfermarkt-scraper/2023/clubs.json.gz,https://www.transfermarkt.co.uk/fc-chelsea/startseite/verein/631
393,749,fc-empoli,Empoli Football Club S.r.l.,IT1,,28,26.4,14,50.0,8,Carlo Castellani,19847,+€48.60m,,2023,../data/raw/transfermarkt-scraper/2023/clubs.json.gz,https://www.transfermarkt.co.uk/fc-empoli/startseite/verein/749
396,10,arminia-bielefeld,Arminia Bielefeld,L1,,27,25.3,15,55.6,4,SchücoArena,26515,+€5.90m,,2021,../data/raw/transfermarkt-scraper/2021/clubs.json.gz,https://www.transfermarkt.co.uk/arminia-bielefeld/startseite/verein/10
398,1049,fc-valencia,Valencia Club de Fútbol S. A. D.,ES1,,24,24.0,9,37.5,6,Mestalla,49430,+€16.60m,,2023,../data/raw/transfermarkt-scraper/2023/clubs.json.gz,https://www.transfermarkt.co.uk/fc-valencia/startseite/verein/1049
404,27,fc-bayern-munchen,FC Bayern München,L1,,28,26.3,16,57.1,19,Allianz Arena,75024,€-10.75m,,2023,../data/raw/transfermarkt-scraper/2023/clubs.json.gz,https://www.transfermarkt.co.uk/fc-bayern-munchen/startseite/verein/27
407,29,fc-everton,Everton Football Club,GB1,,25,27.1,11,44.0,6,Goodison Park,39571,+€42.30m,,2023,../data/raw/transfermarkt-scraper/2023/clubs.json.gz,https://www.transfermarkt.co.uk/fc-everton/startseite/verein/29
408,290,aj-auxerre,AJ Auxerre,FR1,,26,24.3,15,55.6,6,Stade de l'Abbé-Deschamps,18541,+-0,,2022,../data/raw/transfermarkt-scraper/2022/clubs.json.gz,https://www.transfermarkt.co.uk/aj-auxerre/startseite/verein/290
412,347,fc-metz,Football Club de Metz,FR1,,28,24.8,21,75.0,10,Stade Saint-Symphorien,28786,+€23.10m,,2023,../data/raw/transfermarkt-scraper/2023/clubs.json.gz,https://www.transfermarkt.co.uk/fc-metz/startseite/verein/347
414,399,leeds-united,Leeds United,GB1,,27,24.6,18,66.7,9,Elland Road,37890,+€930k,,2022,../data/raw/transfermarkt-scraper/2022/clubs.json.gz,https://www.transfermarkt.co.uk/leeds-united/startseite/verein/399
415,4083,fc-crotone,FC Crotone,IT1,,25,27.0,6,24.0,1,Ezio Scida,16640,+€3.90m,,2020,../data/raw/transfermarkt-scraper/2020/clubs.json.gz,https://www.transfermarkt.co.uk/fc-crotone/startseite/verein/4083
418,533,tsg-1899-hoffenheim,TSG 1899 Hoffenheim Fußball-Spielbetriebs GmbH,L1,,27,25.4,12,44.4,12,PreZero Arena,30150,€-7.30m,,2023,../data/raw/transfermarkt-scraper/2023/clubs.json.gz,https://www.transfermarkt.co.uk/tsg-1899-hoffenheim/startseite/verein/533
420,607,venezia-fc,Venezia FC,IT1,,27,25.6,17,63.0,5,Pier Luigi Penzo,11150,+€4.83m,,2021,../data/raw/transfermarkt-scraper/2021/clubs.json.gz,https://www.transfermarkt.co.uk/venezia-fc/startseite/verein/607
423,800,atalanta-bergamo,Atalanta Bergamasca Calcio S.p.a.,IT1,,25,26.9,18,72.0,16,Gewiss Stadium,21747,+€72.82m,,2023,../data/raw/transfermarkt-scraper/2023/clubs.json.gz,https://www.transfermarkt.co.uk/atalanta-bergamo/startseite/verein/800
425,984,west-bromwich-albion,West Bromwich Albion,GB1,,25,27.8,8,32.0,4,The Hawthorns,26850,€-1.35m,,2020,../data/raw/transfermarkt-scraper/2020/clubs.json.gz,https://www.transfermarkt.co.uk/west-bromwich-albion/startseite/verein/984
